{"boosting_type": "gbdt", "objective": "regression", "metric": "mae", "learning_rate": 0.005, "num_leaves": 73, "min_data_in_leaf": 29, "max_bin": 482, "bagging_fraction": 0.7981943961723222, "lambda_l1": 0.023498886313511765, "bagging_seed": 42, "feature_fraction_seed": 42, "seed": 42, "verbose": -1, "feature_fraction": 0.7921174589225383, "bagging_freq": 2, "lambda_l2": 0.005682245215975918}