{"boosting_type": "gbdt", "objective": "regression", "metric": "mae", "learning_rate": 0.01, "num_leaves": 12, "min_data_in_leaf": 23, "max_bin": 425, "bagging_fraction": 0.8766280342363958, "lambda_l1": 0.07053354511552512, "bagging_seed": 42, "feature_fraction_seed": 42, "seed": 42, "verbose": -1, "feature_fraction": 0.8117355541069315, "bagging_freq": 1, "lambda_l2": 0.022091948937142072}