{"boosting_type": "gbdt", "objective": "regression", "metric": "mae", "learning_rate": 0.005, "num_leaves": 35, "min_data_in_leaf": 249, "max_bin": 438, "bagging_fraction": 0.9484802817049183, "lambda_l1": 0.006301346091495741, "bagging_seed": 42, "feature_fraction_seed": 42, "seed": 42, "verbose": -1, "feature_fraction": 0.7720513597724256, "bagging_freq": 3, "lambda_l2": 0.07085455477417417}