{"boosting_type": "gbdt", "objective": "regression", "metric": "mae", "learning_rate": 0.005, "num_leaves": 9, "min_data_in_leaf": 101, "max_bin": 151, "bagging_fraction": 0.8127829650438325, "lambda_l1": 0.06447560034476764, "bagging_seed": 42, "feature_fraction_seed": 42, "seed": 42, "verbose": -1, "feature_fraction": 0.7056746546817085, "bagging_freq": 2, "lambda_l2": 0.07054391516335888}