{"boosting_type": "gbdt", "objective": "regression", "metric": "mae", "learning_rate": 0.005, "num_leaves": 150, "min_data_in_leaf": 21, "max_bin": 54, "bagging_fraction": 0.726946720862176, "lambda_l1": 0.039292769122709195, "bagging_seed": 42, "feature_fraction_seed": 42, "seed": 42, "verbose": -1, "feature_fraction": 0.9095147567435943, "bagging_freq": 2, "lambda_l2": 0.0061772105993204846}