{"boosting_type": "gbdt", "objective": "regression", "metric": "mae", "learning_rate": 0.005, "num_leaves": 79, "min_data_in_leaf": 38, "max_bin": 305, "bagging_fraction": 0.7974810766428152, "lambda_l1": 0.004584444250758035, "bagging_seed": 42, "feature_fraction_seed": 42, "seed": 42, "verbose": -1, "feature_fraction": 0.753959687219822, "bagging_freq": 1, "lambda_l2": 0.09987995167566681}