{"boosting_type": "gbdt", "objective": "regression", "metric": "mae", "learning_rate": 0.005, "num_leaves": 67, "min_data_in_leaf": 39, "max_bin": 152, "bagging_fraction": 0.702250247597446, "lambda_l1": 0.03531725769831164, "bagging_seed": 42, "feature_fraction_seed": 42, "seed": 42, "verbose": -1, "feature_fraction": 0.8530633784881827, "bagging_freq": 1, "lambda_l2": 0.008220444817280037}