{"boosting_type": "gbdt", "objective": "regression", "metric": "mae", "learning_rate": 0.005, "num_leaves": 51, "min_data_in_leaf": 26, "max_bin": 475, "bagging_fraction": 0.900492857249857, "lambda_l1": 0.024527334264066114, "bagging_seed": 42, "feature_fraction_seed": 42, "seed": 42, "verbose": -1, "feature_fraction": 0.7219328948486861, "bagging_freq": 2, "lambda_l2": 0.09163121249287716}