{"boosting_type": "gbdt", "objective": "regression", "metric": "mae", "learning_rate": 0.005, "num_leaves": 122, "min_data_in_leaf": 22, "max_bin": 241, "bagging_fraction": 0.8209832462885361, "lambda_l1": 0.06577903534429859, "bagging_seed": 42, "feature_fraction_seed": 42, "seed": 42, "verbose": -1, "feature_fraction": 0.900672415285559, "bagging_freq": 2, "lambda_l2": 0.06437536641222565}