{"boosting_type": "gbdt", "objective": "regression", "metric": "mae", "learning_rate": 0.005, "num_leaves": 125, "min_data_in_leaf": 998, "max_bin": 166, "bagging_fraction": 0.8864012978672839, "lambda_l1": 0.07043999148073321, "bagging_seed": 42, "feature_fraction_seed": 42, "seed": 42, "verbose": -1, "feature_fraction": 0.887158491539855, "bagging_freq": 1, "lambda_l2": 0.09228832424621827}