{"boosting_type": "gbdt", "objective": "regression", "metric": "mae", "learning_rate": 0.005, "num_leaves": 123, "min_data_in_leaf": 23, "max_bin": 280, "bagging_fraction": 0.9112731672584514, "lambda_l1": 0.02708702319041056, "bagging_seed": 42, "feature_fraction_seed": 42, "seed": 42, "verbose": -1, "feature_fraction": 0.9627601555999631, "bagging_freq": 2, "lambda_l2": 0.07760153320197406}