{"boosting_type": "gbdt", "objective": "regression", "metric": "mae", "learning_rate": 0.01, "num_leaves": 11, "min_data_in_leaf": 478, "max_bin": 305, "bagging_fraction": 0.7272042461356241, "lambda_l1": 0.025740053557972663, "bagging_seed": 42, "feature_fraction_seed": 42, "seed": 42, "verbose": -1, "feature_fraction": 0.706511073642848, "bagging_freq": 2, "lambda_l2": 0.05534290157154438}