{"boosting_type": "gbdt", "objective": "regression", "metric": "mae", "learning_rate": 0.005, "num_leaves": 149, "min_data_in_leaf": 22, "max_bin": 76, "bagging_fraction": 0.7294892664266014, "lambda_l1": 0.062292023839606775, "bagging_seed": 42, "feature_fraction_seed": 42, "seed": 42, "verbose": -1, "feature_fraction": 0.8037982991156218, "bagging_freq": 1, "lambda_l2": 0.03205673817202674}