{"boosting_type": "gbdt", "objective": "regression", "metric": "mae", "learning_rate": 0.005, "num_leaves": 57, "min_data_in_leaf": 71, "max_bin": 200, "bagging_fraction": 0.8602062688741962, "lambda_l1": 0.041777536878990246, "bagging_seed": 42, "feature_fraction_seed": 42, "seed": 42, "verbose": -1, "feature_fraction": 0.8395125936289898, "bagging_freq": 2, "lambda_l2": 0.06148174938848372}