{
  "boosting_type": "gbdt",
  "objective": "regression",
  "metric": "mae",
  "learning_rate": 0.005,
  "num_leaves": 32,
  "min_data_in_leaf": 24,
  "max_bin": 82,
  "bagging_fraction": 0.7048085416673191,
  "lambda_l1": 0.058557995034389965,
  "bagging_seed": 42,
  "feature_fraction_seed": 42,
  "seed": 42,
  "verbose": -1,
  "feature_fraction": 0.8508755639900943,
  "bagging_freq": 2,
  "lambda_l2": 0.026412161235611426
}