{"boosting_type": "gbdt", "objective": "regression", "metric": "mae", "learning_rate": 0.005, "num_leaves": 30, "min_data_in_leaf": 104, "max_bin": 685, "bagging_fraction": 0.9908007120904281, "lambda_l1": 0.09383290652924414, "bagging_seed": 42, "feature_fraction_seed": 42, "seed": 42, "verbose": -1, "feature_fraction": 0.9427974695330101, "bagging_freq": 3, "lambda_l2": 0.04969674256173287}