{"boosting_type": "gbdt", "objective": "regression", "metric": "mae", "learning_rate": 0.005, "num_leaves": 125, "min_data_in_leaf": 40, "max_bin": 68, "bagging_fraction": 0.9560029346354757, "lambda_l1": 0.03333034538529801, "bagging_seed": 42, "feature_fraction_seed": 42, "seed": 42, "verbose": -1, "feature_fraction": 0.7121506851829565, "bagging_freq": 2, "lambda_l2": 0.015097453323478494}