{"boosting_type": "gbdt", "objective": "regression", "metric": "mae", "learning_rate": 0.005, "num_leaves": 150, "min_data_in_leaf": 167, "max_bin": 505, "bagging_fraction": 0.7064540605864057, "lambda_l1": 0.03901633360877364, "bagging_seed": 42, "feature_fraction_seed": 42, "seed": 42, "verbose": -1, "feature_fraction": 0.8073716375678043, "bagging_freq": 2, "lambda_l2": 0.09248230171633912}