{"boosting_type": "gbdt", "objective": "regression", "metric": "mae", "learning_rate": 0.005, "num_leaves": 23, "min_data_in_leaf": 318, "max_bin": 319, "bagging_fraction": 0.9010714136585578, "lambda_l1": 0.028157969467321485, "bagging_seed": 42, "feature_fraction_seed": 42, "seed": 42, "verbose": -1, "feature_fraction": 0.7039642357339184, "bagging_freq": 2, "lambda_l2": 0.09441311329446082}