{"boosting_type": "gbdt", "objective": "regression", "metric": "l2_root", "learning_rate": 0.005, "num_leaves": 207, "min_data_in_leaf": 194, "max_bin": 106, "bagging_fraction": 0.7052966274369642, "lambda_l1": 0.037393831072167615, "bagging_seed": 42, "feature_fraction_seed": 42, "seed": 42, "verbose": -1, "feature_fraction": 0.8361749349176686, "bagging_freq": 1, "lambda_l2": 0.0775822517212525}