{"boosting_type": "gbdt", "objective": "regression", "metric": "mae", "learning_rate": 0.005, "num_leaves": 12, "min_data_in_leaf": 561, "max_bin": 289, "bagging_fraction": 0.8516881401362737, "lambda_l1": 0.028183903006677925, "bagging_seed": 42, "feature_fraction_seed": 42, "seed": 42, "verbose": -1, "feature_fraction": 0.8437199807021412, "bagging_freq": 3, "lambda_l2": 0.038773035019129314}