{"boosting_type": "gbdt", "objective": "regression", "metric": "mae", "learning_rate": 0.005, "num_leaves": 16, "min_data_in_leaf": 144, "max_bin": 821, "bagging_fraction": 0.8290722780128411, "lambda_l1": 0.0006816478914035362, "bagging_seed": 42, "feature_fraction_seed": 42, "seed": 42, "verbose": -1, "feature_fraction": 0.9595254524999008, "bagging_freq": 3, "lambda_l2": 0.005256049870059832}