{"boosting_type": "gbdt", "objective": "regression", "metric": "mae", "learning_rate": 0.005, "num_leaves": 21, "min_data_in_leaf": 115, "max_bin": 34, "bagging_fraction": 0.9753953595010149, "lambda_l1": 0.053217436420347056, "bagging_seed": 42, "feature_fraction_seed": 42, "seed": 42, "verbose": -1, "feature_fraction": 0.8493779113220236, "bagging_freq": 3, "lambda_l2": 3.401625297019123e-05}