{"boosting_type": "gbdt", "objective": "regression", "metric": "mae", "learning_rate": 0.005, "num_leaves": 110, "min_data_in_leaf": 31, "max_bin": 269, "bagging_fraction": 0.7103577425208966, "lambda_l1": 0.08951238925229679, "bagging_seed": 42, "feature_fraction_seed": 42, "seed": 42, "verbose": -1, "feature_fraction": 0.8243110520486742, "bagging_freq": 2, "lambda_l2": 0.08534283118193942}