{"boosting_type": "gbdt", "objective": "regression", "metric": "l2_root", "learning_rate": 0.005, "num_leaves": 12, "min_data_in_leaf": 116, "max_bin": 174, "bagging_fraction": 0.7917653405951091, "lambda_l1": 0.04869837879730016, "bagging_seed": 42, "feature_fraction_seed": 42, "seed": 42, "verbose": -1, "feature_fraction": 0.8742493172431012, "bagging_freq": 3, "lambda_l2": 0.05719579997874744}