{"boosting_type": "gbdt", "objective": "regression", "metric": "mae", "learning_rate": 0.005, "num_leaves": 116, "min_data_in_leaf": 90, "max_bin": 473, "bagging_fraction": 0.8804429857368254, "lambda_l1": 0.0990883816801011, "bagging_seed": 42, "feature_fraction_seed": 42, "seed": 42, "verbose": -1, "feature_fraction": 0.8945380370704661, "bagging_freq": 3, "lambda_l2": 0.08833377331436008}