{"boosting_type": "gbdt", "objective": "regression", "metric": "mae", "learning_rate": 0.005, "num_leaves": 72, "min_data_in_leaf": 148, "max_bin": 33, "bagging_fraction": 0.8773880130048057, "lambda_l1": 0.00016143171273911888, "bagging_seed": 42, "feature_fraction_seed": 42, "seed": 42, "verbose": -1, "feature_fraction": 0.7998720985329119, "bagging_freq": 2, "lambda_l2": 0.09397314495654152}