{"boosting_type": "gbdt", "objective": "regression", "metric": "mae", "learning_rate": 0.01, "num_leaves": 12, "min_data_in_leaf": 426, "max_bin": 311, "bagging_fraction": 0.7069208280009763, "lambda_l1": 0.08063450626867061, "bagging_seed": 42, "feature_fraction_seed": 42, "seed": 42, "verbose": -1, "feature_fraction": 0.9560545617497167, "bagging_freq": 1, "lambda_l2": 0.04974513886002599}