{"boosting_type": "gbdt", "objective": "regression", "metric": "mae", "learning_rate": 0.005, "num_leaves": 46, "min_data_in_leaf": 24, "max_bin": 471, "bagging_fraction": 0.7670235683475232, "lambda_l1": 0.05071826403305216, "bagging_seed": 42, "feature_fraction_seed": 42, "seed": 42, "verbose": -1, "feature_fraction": 0.9787715004035575, "bagging_freq": 2, "lambda_l2": 0.01935531224322418}