{"boosting_type": "gbdt", "objective": "regression", "metric": "mae", "learning_rate": 0.01, "num_leaves": 55, "min_data_in_leaf": 29, "max_bin": 464, "bagging_fraction": 0.7673387510494118, "lambda_l1": 0.038436650473412555, "bagging_seed": 42, "feature_fraction_seed": 42, "seed": 42, "verbose": -1, "feature_fraction": 0.8907182388792179, "bagging_freq": 2, "lambda_l2": 0.0073242429637820974}