{"boosting_type": "gbdt", "objective": "regression", "metric": "mae", "learning_rate": 0.01, "num_leaves": 32, "min_data_in_leaf": 24, "max_bin": 294, "bagging_fraction": 0.7451521563587589, "lambda_l1": 0.025346672523249528, "bagging_seed": 42, "feature_fraction_seed": 42, "seed": 42, "verbose": -1, "feature_fraction": 0.7880691837439061, "bagging_freq": 1, "lambda_l2": 0.06473366039679666}