{"boosting_type": "gbdt", "objective": "regression", "metric": "mae", "learning_rate": 0.005, "num_leaves": 62, "min_data_in_leaf": 23, "max_bin": 387, "bagging_fraction": 0.7133327358640815, "lambda_l1": 0.0038291067453786257, "bagging_seed": 42, "feature_fraction_seed": 42, "seed": 42, "verbose": -1, "feature_fraction": 0.9016559352087514, "bagging_freq": 2, "lambda_l2": 0.038561455886994736}