{"boosting_type": "gbdt", "objective": "regression", "metric": "mae", "learning_rate": 0.005, "num_leaves": 52, "min_data_in_leaf": 182, "max_bin": 553, "bagging_fraction": 0.7384694932934389, "lambda_l1": 0.06437052205867975, "bagging_seed": 42, "feature_fraction_seed": 42, "seed": 42, "verbose": -1, "feature_fraction": 0.7635729917067807, "bagging_freq": 3, "lambda_l2": 0.08875169965396205}