{"boosting_type": "gbdt", "objective": "regression", "metric": "mae", "learning_rate": 0.005, "num_leaves": 28, "min_data_in_leaf": 45, "max_bin": 204, "bagging_fraction": 0.7335724628415746, "lambda_l1": 0.08703013930292593, "bagging_seed": 42, "feature_fraction_seed": 42, "seed": 42, "verbose": -1, "feature_fraction": 0.9177712201106214, "bagging_freq": 1, "lambda_l2": 0.09421443388018441}