{"boosting_type": "gbdt", "objective": "regression", "metric": "mae", "learning_rate": 0.01, "num_leaves": 23, "min_data_in_leaf": 20, "max_bin": 331, "bagging_fraction": 0.8087907267006419, "lambda_l1": 0.04023010366328732, "bagging_seed": 42, "feature_fraction_seed": 42, "seed": 42, "verbose": -1, "feature_fraction": 0.9274178492771581, "bagging_freq": 1, "lambda_l2": 0.052736167383649855}